idx,img
0,http://www.topdesignmag.com/wp-content/uploads/2011/01/150.jpg
1,http://www.topdesignmag.com/wp-content/uploads/2011/01/246.jpg
2,http://www.topdesignmag.com/wp-content/uploads/2011/01/326-1024x817.jpg
3,http://www.topdesignmag.com/wp-content/uploads/2011/01/417.jpg
4,http://www.topdesignmag.com/wp-content/uploads/2011/01/514.jpg
5,http://www.topdesignmag.com/wp-content/uploads/2011/01/612.jpg
6,http://www.topdesignmag.com/wp-content/uploads/2011/01/712.jpg
7,http://www.topdesignmag.com/wp-content/uploads/2011/01/811.jpg
8,http://www.topdesignmag.com/wp-content/uploads/2011/01/913.jpg
9,http://www.topdesignmag.com/wp-content/uploads/2011/01/1010.jpg
10,http://www.topdesignmag.com/wp-content/uploads/2011/01/1115.jpg
11,http://www.topdesignmag.com/wp-content/uploads/2011/01/1214.jpg
12,http://www.topdesignmag.com/wp-content/uploads/2011/01/1311.jpg
13,http://www.topdesignmag.com/wp-content/uploads/2011/01/1412.jpg
14,http://www.topdesignmag.com/wp-content/uploads/2011/01/15.jpeg
15,http://www.topdesignmag.com/wp-content/uploads/2011/01/1613.jpg
16,http://www.topdesignmag.com/wp-content/uploads/2011/01/1712.jpg
17,http://www.topdesignmag.com/wp-content/uploads/2011/01/1812.jpg
18,http://www.topdesignmag.com/wp-content/uploads/2011/01/1910.jpg
19,http://www.topdesignmag.com/wp-content/uploads/2011/01/2010.jpg
20,http://www.topdesignmag.com/wp-content/uploads/2011/01/2115.jpg
21,http://www.topdesignmag.com/wp-content/uploads/2011/01/2214.jpg
22,http://www.topdesignmag.com/wp-content/uploads/2011/01/2311.jpg
23,http://www.topdesignmag.com/wp-content/uploads/2011/01/247.jpg
24,http://www.topdesignmag.com/wp-content/uploads/2011/01/258.jpg
25,http://www.topdesignmag.com/wp-content/uploads/2011/01/268.jpg
26,http://www.topdesignmag.com/wp-content/uploads/2011/01/277.jpg
27,http://www.topdesignmag.com/wp-content/uploads/2011/01/287.jpg
28,http://www.topdesignmag.com/wp-content/uploads/2011/01/297.jpg
29,http://www.topdesignmag.com/wp-content/uploads/2011/01/306.jpg
30,http://www.topdesignmag.com/wp-content/uploads/2011/01/3111.jpg
31,http://www.topdesignmag.com/wp-content/uploads/2011/01/327.jpg
32,http://www.topdesignmag.com/wp-content/uploads/2011/01/335.jpg
33,http://www.topdesignmag.com/wp-content/uploads/2011/01/344.jpg
34,http://www.topdesignmag.com/wp-content/uploads/2011/01/352.jpg
35,http://www.topdesignmag.com/wp-content/uploads/2011/01/362.jpg
36,http://www.topdesignmag.com/wp-content/uploads/2011/01/372.jpg
37,http://www.topdesignmag.com/wp-content/uploads/2011/01/382.jpg
38,http://www.topdesignmag.com/wp-content/uploads/2011/01/391.jpg
39,http://www.topdesignmag.com/wp-content/uploads/2011/01/401.jpg
40,http://www.topdesignmag.com/wp-content/uploads/2011/01/418.jpg
41,http://www.topdesignmag.com/wp-content/uploads/2011/01/422.jpg
42,http://www.topdesignmag.com/wp-content/uploads/2011/01/432.jpg
43,http://www.topdesignmag.com/wp-content/uploads/2011/01/443.jpg
44,http://www.topdesignmag.com/wp-content/uploads/2011/01/452.jpg
45,http://www.topdesignmag.com/wp-content/uploads/2011/01/462.jpg
46,http://www.topdesignmag.com/wp-content/uploads/2011/01/472.jpg
47,http://www.topdesignmag.com/wp-content/uploads/2011/01/481.jpg
48,http://www.topdesignmag.com/wp-content/uploads/2011/01/491.jpg
49,http://www.topdesignmag.com/wp-content/uploads/2011/01/501.jpg
50,http://www.topdesignmag.com/wp-content/uploads/2011/01/515.jpg
51,http://www.topdesignmag.com/wp-content/uploads/2011/01/522.jpg
52,http://www.topdesignmag.com/wp-content/uploads/2011/01/532.jpg
53,http://www.topdesignmag.com/wp-content/uploads/2011/01/542.jpg
54,http://www.topdesignmag.com/wp-content/uploads/2011/01/552.jpg
55,http://www.topdesignmag.com/wp-content/uploads/2011/01/561.jpg
56,http://www.topdesignmag.com/wp-content/uploads/2011/01/571.jpg
57,http://www.topdesignmag.com/wp-content/uploads/2011/01/581.jpg
58,http://www.topdesignmag.com/wp-content/uploads/2011/01/591.jpg
59,http://www.topdesignmag.com/wp-content/uploads/2011/01/60.jpg
60,http://www.topdesignmag.com/wp-content/uploads/2011/01/613.jpg
61,http://www.topdesignmag.com/wp-content/uploads/2011/01/621.jpg
62,http://www.topdesignmag.com/wp-content/uploads/2011/01/631.jpg
63,http://www.topdesignmag.com/wp-content/uploads/2011/01/641.jpg
64,http://www.topdesignmag.com/wp-content/uploads/2011/01/651.jpg
65,http://www.topdesignmag.com/wp-content/uploads/2011/01/661.jpg
66,http://www.topdesignmag.com/wp-content/uploads/2011/01/671.jpg
67,http://www.topdesignmag.com/wp-content/uploads/2011/01/681.jpg
68,http://www.topdesignmag.com/wp-content/uploads/2011/01/691.jpg
69,http://www.topdesignmag.com/wp-content/uploads/2011/01/70.jpg
70,http://www.topdesignmag.com/wp-content/uploads/2011/01/713.jpg
71,http://www.topdesignmag.com/wp-content/uploads/2011/01/721.jpg
72,http://www.topdesignmag.com/wp-content/uploads/2011/01/731-1024x768.jpg
73,http://www.topdesignmag.com/wp-content/uploads/2011/01/741.jpg
74,http://www.topdesignmag.com/wp-content/uploads/2011/01/751.jpg
75,http://www.topdesignmag.com/wp-content/uploads/2011/01/761.jpg
76,http://www.topdesignmag.com/wp-content/uploads/2011/01/771.jpg
77,http://www.topdesignmag.com/wp-content/uploads/2011/01/781.jpg
78,http://www.topdesignmag.com/wp-content/uploads/2011/01/791.jpg
79,http://www.topdesignmag.com/wp-content/uploads/2011/01/80.jpg
80,http://www.topdesignmag.com/wp-content/uploads/2011/01/812.jpg
81,http://www.topdesignmag.com/wp-content/uploads/2011/01/822.jpg
82,http://www.topdesignmag.com/wp-content/uploads/2011/01/831.jpg
83,http://www.topdesignmag.com/wp-content/uploads/2011/01/841.jpg
84,http://www.topdesignmag.com/wp-content/uploads/2011/01/851.jpg
85,http://www.topdesignmag.com/wp-content/uploads/2011/01/861.jpg
86,http://www.topdesignmag.com/wp-content/uploads/2011/01/871.jpg
87,http://www.topdesignmag.com/wp-content/uploads/2011/01/881.jpg
88,http://www.topdesignmag.com/wp-content/uploads/2011/01/891.jpg
89,http://www.topdesignmag.com/wp-content/uploads/2011/01/90.jpg
90,http://www.topdesignmag.com/wp-content/uploads/2011/01/914.jpg
91,http://www.topdesignmag.com/wp-content/uploads/2011/01/921.jpg
92,http://www.topdesignmag.com/wp-content/uploads/2011/01/931.jpg
93,http://www.topdesignmag.com/wp-content/uploads/2011/01/941.jpg
94,http://www.topdesignmag.com/wp-content/uploads/2011/01/951.jpg
95,http://www.topdesignmag.com/wp-content/uploads/2011/01/961.jpg
96,http://www.topdesignmag.com/wp-content/uploads/2011/01/971.jpg
97,http://www.topdesignmag.com/wp-content/uploads/2011/01/981.jpg
98,http://www.topdesignmag.com/wp-content/uploads/2011/01/991.jpg
99,http://www.topdesignmag.com/wp-content/uploads/2011/01/100.jpg
100,http://www.topdesignmag.com/wp-content/uploads/2011/01/1011.jpg
101,http://www.topdesignmag.com/wp-content/uploads/2011/01/1021.jpg
102,http://www.topdesignmag.com/wp-content/uploads/2011/01/1031.jpg
103,http://www.topdesignmag.com/wp-content/uploads/2011/01/1041.jpg
104,http://www.topdesignmag.com/wp-content/uploads/2011/01/1051.jpg
105,http://www.topdesignmag.com/wp-content/uploads/2011/01/1061.jpg
106,http://www.topdesignmag.com/wp-content/uploads/2011/01/1071.jpg
107,http://www.topdesignmag.com/wp-content/uploads/2011/01/1081.jpg
108,http://www.topdesignmag.com/wp-content/uploads/2011/01/1091.jpg
109,http://www.topdesignmag.com/wp-content/uploads/2011/01/1101.jpg
110,http://www.topdesignmag.com/wp-content/uploads/2011/01/1116.jpg
111,http://www.topdesignmag.com/wp-content/uploads/2011/01/1121.jpg
112,http://www.topdesignmag.com/wp-content/uploads/2011/01/1131.jpg
113,http://www.topdesignmag.com/wp-content/uploads/2011/01/1141.jpg
114,http://www.topdesignmag.com/wp-content/uploads/2011/01/1151.jpg
115,http://www.topdesignmag.com/wp-content/uploads/2011/01/1161-1024x679.jpg
116,http://www.topdesignmag.com/wp-content/uploads/2011/01/1171.jpg
117,http://www.topdesignmag.com/wp-content/uploads/2011/01/1181.jpg
118,http://www.topdesignmag.com/wp-content/uploads/2011/01/1191.jpg
119,http://www.topdesignmag.com/wp-content/uploads/2011/01/1201.jpg
120,http://www.topdesignmag.com/wp-content/uploads/2011/01/1215.jpg
121,http://www.topdesignmag.com/wp-content/uploads/2011/01/1221.jpg
122,http://www.topdesignmag.com/wp-content/uploads/2011/01/1231.jpg
123,http://www.topdesignmag.com/wp-content/uploads/2011/01/1241.jpg
124,http://www.topdesignmag.com/wp-content/uploads/2011/01/1251.jpg
125,http://www.topdesignmag.com/wp-content/uploads/2011/01/1261-1024x682.jpg
126,http://www.topdesignmag.com/wp-content/uploads/2011/01/1281.jpg
127,http://www.topdesignmag.com/wp-content/uploads/2011/01/1291.jpg
128,http://www.topdesignmag.com/wp-content/uploads/2011/01/1301.jpg
129,http://www.topdesignmag.com/wp-content/uploads/2011/01/1312.jpg
130,http://www.topdesignmag.com/wp-content/uploads/2011/01/1321.jpg
131,http://www.topdesignmag.com/wp-content/uploads/2011/01/1331.jpg
132,http://www.topdesignmag.com/wp-content/uploads/2011/01/1341.jpg
133,http://www.topdesignmag.com/wp-content/uploads/2011/01/1351.jpg
134,http://www.topdesignmag.com/wp-content/uploads/2011/01/1361.jpg
135,http://www.topdesignmag.com/wp-content/uploads/2011/01/1371.jpg
136,http://www.topdesignmag.com/wp-content/uploads/2011/01/1381.jpg
137,http://www.topdesignmag.com/wp-content/uploads/2011/01/1391.jpg
138,http://www.topdesignmag.com/wp-content/uploads/2011/01/1401.jpg
139,http://www.topdesignmag.com/wp-content/uploads/2011/01/1413.jpg
140,http://www.topdesignmag.com/wp-content/uploads/2011/01/1421.jpg
141,http://www.topdesignmag.com/wp-content/uploads/2011/01/1431.jpg
142,http://www.topdesignmag.com/wp-content/uploads/2011/01/1441.jpg
143,http://www.topdesignmag.com/wp-content/uploads/2011/01/1451.jpg
144,http://www.topdesignmag.com/wp-content/uploads/2011/01/1461.jpg
145,http://www.topdesignmag.com/wp-content/uploads/2011/01/1471.jpg
146,http://www.topdesignmag.com/wp-content/uploads/2011/01/1481.jpg
147,http://www.topdesignmag.com/wp-content/uploads/2011/01/1491.jpg
148,http://www.topdesignmag.com/wp-content/uploads/2011/01/1501.jpg
149,http://www.topdesignmag.com/wp-content/uploads/2011/01/1513.jpg
150,http://www.topdesignmag.com/wp-content/uploads/2011/01/1521.jpg
151,http://www.topdesignmag.com/wp-content/uploads/2011/01/1531.jpg
152,http://www.topdesignmag.com/wp-content/uploads/2011/01/1541.jpg
153,http://www.topdesignmag.com/wp-content/uploads/2011/01/1551.jpg
154,http://www.topdesignmag.com/wp-content/uploads/2011/01/1561.jpg
155,http://www.topdesignmag.com/wp-content/uploads/2011/01/1571.jpg
156,http://www.topdesignmag.com/wp-content/uploads/2011/01/1581.jpg
157,http://www.topdesignmag.com/wp-content/uploads/2011/01/1591.jpg
158,http://www.topdesignmag.com/wp-content/uploads/2011/01/160.jpg
159,http://www.topdesignmag.com/wp-content/uploads/2011/01/1614.jpg
160,http://www.topdesignmag.com/wp-content/uploads/2011/01/1621.jpg
161,http://www.topdesignmag.com/wp-content/uploads/2011/01/1631.jpg
162,http://www.topdesignmag.com/wp-content/uploads/2011/01/1641.jpg
163,http://www.topdesignmag.com/wp-content/uploads/2011/01/1651.jpg
164,http://www.topdesignmag.com/wp-content/uploads/2011/01/1661.jpg
165,http://www.topdesignmag.com/wp-content/uploads/2011/01/1671.jpg
166,http://www.topdesignmag.com/wp-content/uploads/2011/01/1681.jpg
167,http://www.topdesignmag.com/wp-content/uploads/2011/01/1691.jpg
168,http://www.topdesignmag.com/wp-content/uploads/2011/01/170.jpg
169,http://www.topdesignmag.com/wp-content/uploads/2011/01/1713.jpg
170,http://www.topdesignmag.com/wp-content/uploads/2011/01/1721.jpg
171,http://www.topdesignmag.com/wp-content/uploads/2011/01/1731.jpg
172,http://www.topdesignmag.com/wp-content/uploads/2011/01/1741.jpg
173,http://www.topdesignmag.com/wp-content/uploads/2011/01/1751.jpg
174,http://www.topdesignmag.com/wp-content/uploads/2011/01/1761.jpg
175,http://www.topdesignmag.com/wp-content/uploads/2011/01/1771.jpg
176,http://www.topdesignmag.com/wp-content/uploads/2011/01/1781.jpg
177,http://www.topdesignmag.com/wp-content/uploads/2011/01/1791.jpg
178,http://www.topdesignmag.com/wp-content/uploads/2011/01/180.jpg
179,http://www.topdesignmag.com/wp-content/uploads/2011/01/1813.jpg
180,http://www.topdesignmag.com/wp-content/uploads/2011/01/1821.jpg
181,http://www.topdesignmag.com/wp-content/uploads/2011/01/1831.jpg
182,http://www.topdesignmag.com/wp-content/uploads/2011/01/1841.jpg
183,http://www.topdesignmag.com/wp-content/uploads/2011/01/1851.jpg
184,http://www.topdesignmag.com/wp-content/uploads/2011/01/1861.jpg
185,http://www.topdesignmag.com/wp-content/uploads/2011/01/1871.jpg
186,http://www.topdesignmag.com/wp-content/uploads/2011/01/1883.jpg
187,http://www.topdesignmag.com/wp-content/uploads/2011/01/1891.jpg
188,http://www.topdesignmag.com/wp-content/uploads/2011/01/190.jpg
189,http://www.topdesignmag.com/wp-content/uploads/2011/01/1921.jpg
190,http://www.topdesignmag.com/wp-content/uploads/2011/01/1911.jpg
191,http://www.topdesignmag.com/wp-content/uploads/2011/01/1931.jpg
192,http://www.topdesignmag.com/wp-content/uploads/2011/01/1941.jpg
193,http://www.topdesignmag.com/wp-content/uploads/2011/01/1961.jpg
194,http://www.topdesignmag.com/wp-content/uploads/2011/01/1971.jpg
195,http://www.topdesignmag.com/wp-content/uploads/2011/01/1981.jpg
196,http://www.topdesignmag.com/wp-content/uploads/2011/01/1991.jpg
197,http://www.topdesignmag.com/wp-content/uploads/2011/01/200.jpg
198,http://www.topdesignmag.com/wp-content/uploads/2011/01/2011.jpg
199,http://www.topdesignmag.com/wp-content/uploads/2011/01/2021.jpg
200,http://www.topdesignmag.com/wp-content/uploads/2011/01/2031.jpg
201,http://www.topdesignmag.com/wp-content/uploads/2011/01/2041.jpg
202,http://www.topdesignmag.com/wp-content/uploads/2011/01/2051.jpg
203,http://www.topdesignmag.com/wp-content/uploads/2011/01/2061.jpg
204,http://www.topdesignmag.com/wp-content/uploads/2011/01/2071.jpg
205,http://www.topdesignmag.com/wp-content/uploads/2011/01/2081.jpg
206,http://www.topdesignmag.com/wp-content/uploads/2011/01/2091.jpg
207,http://www.topdesignmag.com/wp-content/uploads/2011/01/2101.jpg
208,http://www.topdesignmag.com/wp-content/uploads/2011/01/2116.jpg
209,http://www.topdesignmag.com/wp-content/uploads/2011/01/2121.jpg
210,http://www.topdesignmag.com/wp-content/uploads/2011/01/2131.jpg
211,http://www.topdesignmag.com/wp-content/uploads/2011/01/2141.jpg
212,http://www.topdesignmag.com/wp-content/uploads/2011/01/2151.jpg
213,http://www.topdesignmag.com/wp-content/uploads/2011/01/2161.jpg
214,http://www.topdesignmag.com/wp-content/uploads/2011/01/2171.jpg
215,http://www.topdesignmag.com/wp-content/uploads/2011/01/300.jpg
216,http://www.topdesignmag.com/wp-content/uploads/2011/01/3011.jpg
217,http://www.topdesignmag.com/wp-content/uploads/2011/01/3021.jpg
218,http://www.topdesignmag.com/wp-content/uploads/2011/01/3031.jpg
219,http://www.topdesignmag.com/wp-content/uploads/2011/01/3041.jpg
220,http://www.topdesignmag.com/wp-content/uploads/2011/01/3051.jpg
221,http://www.topdesignmag.com/wp-content/uploads/2011/01/3061.jpg
222,http://www.topdesignmag.com/wp-content/uploads/2011/01/307.jpg
223,http://www.topdesignmag.com/wp-content/uploads/2011/01/308.jpg
224,http://www.topdesignmag.com/wp-content/uploads/2011/01/309.jpg
225,http://www.topdesignmag.com/wp-content/uploads/2011/01/3101.jpg
226,http://www.topdesignmag.com/wp-content/uploads/2011/01/3112.jpg
227,http://www.topdesignmag.com/wp-content/uploads/2011/01/3121.jpg
228,http://www.topdesignmag.com/wp-content/uploads/2011/01/3131.jpg
229,http://www.topdesignmag.com/wp-content/uploads/2011/01/3141.jpg
230,http://www.topdesignmag.com/wp-content/uploads/2011/01/3151.jpg
231,http://www.topdesignmag.com/wp-content/uploads/2011/01/3161.jpg
232,http://www.topdesignmag.com/wp-content/uploads/2011/01/3171.jpg
233,http://www.topdesignmag.com/wp-content/uploads/2011/01/3181.jpg
234,http://www.topdesignmag.com/wp-content/uploads/2011/01/3191.jpg
235,http://www.topdesignmag.com/wp-content/uploads/2011/01/3201.jpg
236,http://www.topdesignmag.com/wp-content/uploads/2011/01/3211.jpg
237,http://www.topdesignmag.com/wp-content/uploads/2011/01/3231.jpg
238,http://www.topdesignmag.com/wp-content/uploads/2011/01/3241.jpg
